Frames (30fps),Time (sec),Distance Elapsed(m),Propulsion Vel (m/s),Propulsion Acceleration (m/s^2),Propulsion Jerk (m/s^3)
0,0.0000,0.0000,0.0000
1,0.0333,0.0000,0.0000
2,0.0667,0.0001,0.0030
3,0.1000,0.0003,0.0060
4,0.1333,0.0005,0.0060
5,0.1667,0.0007,0.0060
6,0.2000,0.0011,0.0120
7,0.2333,0.0015,0.0120
8,0.2667,0.0019,0.0120
9,0.3000,0.0024,0.0150
10,0.3333,0.0030,0.0180
11,0.3667,0.0036,0.0180
12,0.4000,0.0043,0.0210
13,0.4333,0.0050,0.0210
14,0.4667,0.0058,0.0240
15,0.5000,0.0067,0.0270
16,0.5333,0.0076,0.0270
17,0.5667,0.0086,0.0300
18,0.6000,0.0096,0.0300
19,0.6333,0.0107,0.0330
20,0.6667,0.0118,0.0330
21,0.7000,0.0130,0.0360
22,0.7333,0.0143,0.0390
23,0.7667,0.0156,0.0390
24,0.8000,0.0170,0.0420
25,0.8333,0.0184,0.0420
26,0.8667,0.0199,0.0450
27,0.9000,0.0215,0.0480
28,0.9333,0.0231,0.0480
29,0.9667,0.0247,0.0480
30,1.0000,0.0265,0.0540
31,1.0333,0.0282,0.0510
32,1.0667,0.0301,0.0570
33,1.1000,0.0320,0.0570
34,1.1333,0.0339,0.0570
35,1.1667,0.0359,0.0600
36,1.2000,0.0379,0.0600
37,1.2333,0.0401,0.0660
38,1.2667,0.0422,0.0630
39,1.3000,0.0444,0.0660
40,1.3333,0.0467,0.0690
41,1.3667,0.0491,0.0720
42,1.4000,0.0514,0.0690
43,1.4333,0.0539,0.0750
44,1.4667,0.0564,0.0750
45,1.5000,0.0589,0.0750
46,1.5333,0.0615,0.0780
47,1.5667,0.0642,0.0810
48,1.6000,0.0669,0.0810
49,1.6333,0.0697,0.0840
50,1.6667,0.0725,0.0840
51,1.7000,0.0754,0.0870
52,1.7333,0.0783,0.0870
53,1.7667,0.0813,0.0900
54,1.8000,0.0843,0.0900
55,1.8333,0.0874,0.0930
56,1.8667,0.0906,0.0960
57,1.9000,0.0938,0.0960
58,1.9333,0.0970,0.0960
59,1.9667,0.1003,0.0990
60,2.0000,0.1037,0.1020
61,2.0333,0.1071,0.1020
62,2.0667,0.1106,0.1050
63,2.1000,0.1141,0.1050
64,2.1333,0.1176,0.1050
65,2.1667,0.1213,0.1110
66,2.2000,0.1249,0.1080
67,2.2333,0.1287,0.1140
68,2.2667,0.1324,0.1110
69,2.3000,0.1363,0.1170
70,2.3333,0.1401,0.1140
71,2.3667,0.1441,0.1200
72,2.4000,0.1481,0.1200
73,2.4333,0.1521,0.1200
74,2.4667,0.1562,0.1230
75,2.5000,0.1603,0.1230
76,2.5333,0.1645,0.1260
77,2.5667,0.1687,0.1260
78,2.6000,0.1730,0.1290
79,2.6333,0.1774,0.1320
80,2.6667,0.1818,0.1320
81,2.7000,0.1862,0.1320
82,2.7333,0.1907,0.1350
83,2.7667,0.1952,0.1350
84,2.8000,0.1998,0.1380
85,2.8333,0.2045,0.1410
86,2.8667,0.2092,0.1410
87,2.9000,0.2139,0.1410
88,2.9333,0.2187,0.1440
89,2.9667,0.2235,0.1440
90,3.0000,0.2284,0.1470
91,3.0333,0.2334,0.1500
92,3.0667,0.2383,0.1470
93,3.1000,0.2434,0.1530
94,3.1333,0.2485,0.1530
95,3.1667,0.2536,0.1530
96,3.2000,0.2588,0.1560
97,3.2333,0.2640,0.1560
98,3.2667,0.2693,0.1590
99,3.3000,0.2746,0.1590
100,3.3333,0.2800,0.1620
101,3.3667,0.2854,0.1620
102,3.4000,0.2909,0.1650
103,3.4333,0.2964,0.1650
104,3.4667,0.3020,0.1680
105,3.5000,0.3076,0.1680
106,3.5333,0.3133,0.1710
107,3.5667,0.3190,0.1710
108,3.6000,0.3247,0.1710
109,3.6333,0.3305,0.1740
110,3.6667,0.3364,0.1770
111,3.7000,0.3423,0.1770
112,3.7333,0.3482,0.1770
113,3.7667,0.3542,0.1800
114,3.8000,0.3602,0.1800
115,3.8333,0.3663,0.1830
116,3.8667,0.3725,0.1860
117,3.9000,0.3786,0.1830
118,3.9333,0.3849,0.1890
119,3.9667,0.3911,0.1860
120,4.0000,0.3974,0.1890
121,4.0333,0.4038,0.1920
122,4.0667,0.4102,0.1920
123,4.1000,0.4167,0.1950
124,4.1333,0.4231,0.1920
125,4.1667,0.4297,0.1980
126,4.2000,0.4363,0.1980
127,4.2333,0.4429,0.1980
128,4.2667,0.4496,0.2010
129,4.3000,0.4563,0.2010
130,4.3333,0.4631,0.2040
131,4.3667,0.4699,0.2040
132,4.4000,0.4767,0.2040
133,4.4333,0.4836,0.2070
134,4.4667,0.4906,0.2100
135,4.5000,0.4975,0.2070
136,4.5333,0.5046,0.2130
137,4.5667,0.5116,0.2100
138,4.6000,0.5188,0.2160
139,4.6333,0.5259,0.2130
140,4.6667,0.5331,0.2160
141,4.7000,0.5404,0.2190
142,4.7333,0.5477,0.2190
143,4.7667,0.5550,0.2190
144,4.8000,0.5624,0.2220
145,4.8333,0.5698,0.2220
146,4.8667,0.5772,0.2220
147,4.9000,0.5847,0.2250
148,4.9333,0.5923,0.2280
149,4.9667,0.5999,0.2280
150,5.0000,0.6075,0.2280
151,5.0333,0.6152,0.2310
152,5.0667,0.6229,0.2310
153,5.1000,0.6306,0.2310
154,5.1333,0.6384,0.2340
155,5.1667,0.6463,0.2370
156,5.2000,0.6542,0.2370
157,5.2333,0.6621,0.2370
158,5.2667,0.6700,0.2370
159,5.3000,0.6780,0.2400
160,5.3333,0.6861,0.2430
161,5.3667,0.6942,0.2430
162,5.4000,0.7023,0.2430
163,5.4333,0.7105,0.2460
164,5.4667,0.7187,0.2460
165,5.5000,0.7269,0.2460
166,5.5333,0.7352,0.2490
167,5.5667,0.7435,0.2490
168,5.6000,0.7519,0.2520
169,5.6333,0.7603,0.2520
170,5.6667,0.7687,0.2520
171,5.7000,0.7772,0.2550
172,5.7333,0.7858,0.2580
173,5.7667,0.7943,0.2550
174,5.8000,0.8029,0.2580
175,5.8333,0.8116,0.2610
176,5.8667,0.8202,0.2580
177,5.9000,0.8290,0.2640
178,5.9333,0.8377,0.2610
179,5.9667,0.8465,0.2640
180,6.0000,0.8554,0.2670
181,6.0333,0.8642,0.2640
182,6.0667,0.8731,0.2670
183,6.1000,0.8821,0.2700
184,6.1333,0.8911,0.2700
185,6.1667,0.9001,0.2700
186,6.2000,0.9092,0.2730
187,6.2333,0.9183,0.2730
188,6.2667,0.9274,0.2730
189,6.3000,0.9366,0.2760
190,6.3333,0.9458,0.2760
191,6.3667,0.9551,0.2790
192,6.4000,0.9644,0.2790
193,6.4333,0.9737,0.2790
194,6.4667,0.9831,0.2820
195,6.5000,0.9925,0.2820
196,6.5333,1.0019,0.2820
197,6.5667,1.0114,0.2850
198,6.6000,1.0209,0.2850
199,6.6333,1.0304,0.2850
200,6.6667,1.0400,0.2880
201,6.7000,1.0496,0.2880
202,6.7333,1.0593,0.2910
203,6.7667,1.0690,0.2910
204,6.8000,1.0787,0.2910
205,6.8333,1.0884,0.2910
206,6.8667,1.0982,0.2940
207,6.9000,1.1081,0.2970
208,6.9333,1.1179,0.2940
209,6.9667,1.1278,0.2970
210,7.0000,1.1378,0.3000
211,7.0333,1.1478,0.3000
212,7.0667,1.1578,0.3000
213,7.1000,1.1678,0.3000
214,7.1333,1.1779,0.3030
215,7.1667,1.1880,0.3030
216,7.2000,1.1981,0.3030
217,7.2333,1.2083,0.3060
218,7.2667,1.2185,0.3060
219,7.3000,1.2288,0.3090
220,7.3333,1.2390,0.3060
221,7.3667,1.2494,0.3120
222,7.4000,1.2597,0.3090
223,7.4333,1.2701,0.3120
224,7.4667,1.2805,0.3120
225,7.5000,1.2909,0.3120
226,7.5333,1.3014,0.3150
227,7.5667,1.3119,0.3150
228,7.6000,1.3225,0.3180
229,7.6333,1.3331,0.3180
230,7.6667,1.3437,0.3180
231,7.7000,1.3543,0.3180
232,7.7333,1.3650,0.3210
233,7.7667,1.3757,0.3210
234,7.8000,1.3864,0.3210
235,7.8333,1.3972,0.3240
236,7.8667,1.4080,0.3240
237,7.9000,1.4188,0.3240
238,7.9333,1.4297,0.3270
239,7.9667,1.4406,0.3270
240,8.0000,1.4515,0.3270
241,8.0333,1.4625,0.3300
242,8.0667,1.4735,0.3300
243,8.1000,1.4845,0.3300
244,8.1333,1.4955,0.3300
245,8.1667,1.5066,0.3330
246,8.2000,1.5177,0.3330
247,8.2333,1.5289,0.3360
248,8.2667,1.5401,0.3360
249,8.3000,1.5513,0.3360
250,8.3333,1.5625,0.3360
251,8.3667,1.5738,0.3390
252,8.4000,1.5851,0.3390
253,8.4333,1.5964,0.3390
254,8.4667,1.6077,0.3390
255,8.5000,1.6191,0.3420
256,8.5333,1.6305,0.3420
257,8.5667,1.6420,0.3450
258,8.6000,1.6535,0.3450
259,8.6333,1.6650,0.3450
260,8.6667,1.6765,0.3450
261,8.7000,1.6880,0.3450
262,8.7333,1.6996,0.3480
263,8.7667,1.7112,0.3480
264,8.8000,1.7229,0.3510
265,8.8333,1.7346,0.3510
266,8.8667,1.7463,0.3510
267,8.9000,1.7580,0.3510
268,8.9333,1.7697,0.3510
269,8.9667,1.7815,0.3540
270,9.0000,1.7933,0.3540
271,9.0333,1.8052,0.3570
272,9.0667,1.8170,0.3540
273,9.1000,1.8289,0.3570
274,9.1333,1.8409,0.3600
275,9.1667,1.8528,0.3570
276,9.2000,1.8648,0.3600
277,9.2333,1.8768,0.3600
278,9.2667,1.8888,0.3600
279,9.3000,1.9009,0.3630
280,9.3333,1.9130,0.3630
281,9.3667,1.9251,0.3630
282,9.4000,1.9372,0.3630
283,9.4333,1.9494,0.3660
284,9.4667,1.9616,0.3660
285,9.5000,1.9738,0.3660
286,9.5333,1.9860,0.3660
287,9.5667,1.9983,0.3690
288,9.6000,2.0106,0.3690
289,9.6333,2.0229,0.3690
290,9.6667,2.0352,0.3690
291,9.7000,2.0476,0.3720
292,9.7333,2.0600,0.3720
293,9.7667,2.0724,0.3720
294,9.8000,2.0848,0.3720
295,9.8333,2.0973,0.3750
296,9.8667,2.1098,0.3750
297,9.9000,2.1223,0.3750
298,9.9333,2.1348,0.3750
299,9.9667,2.1474,0.3780
300,10.0000,2.1600,0.3780
301,10.0333,2.1726,0.3780
302,10.0667,2.1852,0.3780
303,10.1000,2.1979,0.3810
304,10.1333,2.2106,0.3810
305,10.1667,2.2233,0.3810
306,10.2000,2.2360,0.3810
307,10.2333,2.2488,0.3840
308,10.2667,2.2616,0.3840
309,10.3000,2.2744,0.3840
310,10.3333,2.2872,0.3840
311,10.3667,2.3000,0.3840
312,10.4000,2.3129,0.3870
313,10.4333,2.3258,0.3870
314,10.4667,2.3387,0.3870
315,10.5000,2.3516,0.3870
316,10.5333,2.3646,0.3900
317,10.5667,2.3776,0.3900
318,10.6000,2.3906,0.3900
319,10.6333,2.4036,0.3900
320,10.6667,2.4166,0.3900
321,10.7000,2.4297,0.3930
322,10.7333,2.4428,0.3930
323,10.7667,2.4559,0.3930
324,10.8000,2.4690,0.3930
325,10.8333,2.4822,0.3960
326,10.8667,2.4954,0.3960
327,10.9000,2.5086,0.3960
328,10.9333,2.5218,0.3960
329,10.9667,2.5350,0.3960
330,11.0000,2.5483,0.3990
331,11.0333,2.5615,0.3960
332,11.0667,2.5748,0.3990
333,11.1000,2.5881,0.3990
334,11.1333,2.6015,0.4020
335,11.1667,2.6148,0.3990
336,11.2000,2.6282,0.4020
337,11.2333,2.6416,0.4020
338,11.2667,2.6550,0.4020
339,11.3000,2.6685,0.4050
340,11.3333,2.6819,0.4020
341,11.3667,2.6954,0.4050
342,11.4000,2.7089,0.4050
343,11.4333,2.7224,0.4050
344,11.4667,2.7359,0.4050
345,11.5000,2.7495,0.4080
346,11.5333,2.7630,0.4050
347,11.5667,2.7766,0.4080
348,11.6000,2.7902,0.4080
349,11.6333,2.8039,0.4110
350,11.6667,2.8175,0.4080
351,11.7000,2.8312,0.4110
352,11.7333,2.8448,0.4080
353,11.7667,2.8585,0.4110
354,11.8000,2.8722,0.4110
355,11.8333,2.8860,0.4140
356,11.8667,2.8997,0.4110
357,11.9000,2.9135,0.4140
358,11.9333,2.9273,0.4140
359,11.9667,2.9411,0.4140
360,12.0000,2.9549,0.4140
361,12.0333,2.9687,0.4140
362,12.0667,2.9826,0.4170
363,12.1000,2.9964,0.4140
364,12.1333,3.0103,0.4170
365,12.1667,3.0242,0.4170
366,12.2000,3.0381,0.4170
367,12.2333,3.0521,0.4200
368,12.2667,3.0660,0.4170
369,12.3000,3.0800,0.4200
370,12.3333,3.0939,0.4170
371,12.3667,3.1079,0.4200
372,12.4000,3.1219,0.4200
373,12.4333,3.1360,0.4230
374,12.4667,3.1500,0.4200
375,12.5000,3.1641,0.4230
376,12.5333,3.1781,0.4200
377,12.5667,3.1922,0.4230
378,12.6000,3.2063,0.4230
379,12.6333,3.2204,0.4230
380,12.6667,3.2346,0.4260
381,12.7000,3.2487,0.4230
382,12.7333,3.2629,0.4260
383,12.7667,3.2770,0.4230
384,12.8000,3.2912,0.4260
385,12.8333,3.3054,0.4260
386,12.8667,3.3196,0.4260
387,12.9000,3.3339,0.4290
388,12.9333,3.3481,0.4260
389,12.9667,3.3624,0.4290
390,13.0000,3.3766,0.4260
391,13.0333,3.3909,0.4290
392,13.0667,3.4052,0.4290
393,13.1000,3.4195,0.4290
394,13.1333,3.4338,0.4290
395,13.1667,3.4482,0.4320
396,13.2000,3.4625,0.4290
397,13.2333,3.4769,0.4320
398,13.2667,3.4912,0.4290
399,13.3000,3.5056,0.4320
400,13.3333,3.5200,0.4320
401,13.3667,3.5344,0.4320
402,13.4000,3.5488,0.4320
403,13.4333,3.5633,0.4350
404,13.4667,3.5777,0.4320
405,13.5000,3.5921,0.4320
406,13.5333,3.6066,0.4350
407,13.5667,3.6211,0.4350
408,13.6000,3.6356,0.4350
409,13.6333,3.6501,0.4350
410,13.6667,3.6646,0.4350
411,13.7000,3.6791,0.4350
412,13.7333,3.6936,0.4350
413,13.7667,3.7082,0.4380
414,13.8000,3.7227,0.4350
415,13.8333,3.7373,0.4380
416,13.8667,3.7519,0.4380
417,13.9000,3.7664,0.4350
418,13.9333,3.7810,0.4380
419,13.9667,3.7956,0.4380
420,14.0000,3.8102,0.4380
421,14.0333,3.8249,0.4410
422,14.0667,3.8395,0.4380
423,14.1000,3.8541,0.4380
424,14.1333,3.8688,0.4410
425,14.1667,3.8834,0.4380
426,14.2000,3.8981,0.4410
427,14.2333,3.9128,0.4410
428,14.2667,3.9275,0.4410
429,14.3000,3.9422,0.4410
430,14.3333,3.9569,0.4410
431,14.3667,3.9716,0.4410
432,14.4000,3.9863,0.4410
433,14.4333,4.0010,0.4410
434,14.4667,4.0158,0.4410
435,14.5000,4.0305,0.4410
436,14.5333,4.0452,0.4410
437,14.5667,4.0600,0.4440
438,14.6000,4.0748,0.4440
439,14.6333,4.0895,0.4410
440,14.6667,4.1043,0.4440
441,14.7000,4.1191,0.4440
442,14.7333,4.1339,0.4440
443,14.7667,4.1487,0.4440
444,14.8000,4.1635,0.4440
445,14.8333,4.1783,0.4440
446,14.8667,4.1932,0.4440
447,14.9000,4.2080,0.4440
448,14.9333,4.2228,0.4440
449,14.9667,4.2377,0.4470
450,15.0000,4.2525,0.4440
451,15.0333,4.2674,0.4470
452,15.0667,4.2822,0.4440
453,15.1000,4.2971,0.4470
454,15.1333,4.3119,0.4440
455,15.1667,4.3268,0.4470
456,15.2000,4.3417,0.4470
457,15.2333,4.3566,0.4470
458,15.2667,4.3715,0.4470
459,15.3000,4.3864,0.4470
460,15.3333,4.4013,0.4470
461,15.3667,4.4162,0.4470
462,15.4000,4.4311,0.4470
463,15.4333,4.4460,0.4470
464,15.4667,4.4609,0.4470
465,15.5000,4.4759,0.4500
466,15.5333,4.4908,0.4470
467,15.5667,4.5057,0.4470
468,15.6000,4.5207,0.4500
469,15.6333,4.5356,0.4470
470,15.6667,4.5505,0.4470
471,15.7000,4.5655,0.4500
472,15.7333,4.5804,0.4470
473,15.7667,4.5954,0.4500
474,15.8000,4.6104,0.4500
475,15.8333,4.6253,0.4470
476,15.8667,4.6403,0.4500
477,15.9000,4.6552,0.4470
478,15.9333,4.6702,0.4500
479,15.9667,4.6852,0.4500
480,16.0000,4.7002,0.4500
481,16.0333,4.7151,0.4470
482,16.0667,4.7301,0.4500
483,16.1000,4.7451,0.4500
484,16.1333,4.7601,0.4500
485,16.1667,4.7751,0.4500
486,16.2000,4.7901,0.4500
487,16.2333,4.8050,0.4470
488,16.2667,4.8200,0.4500
489,16.3000,4.8350,0.4500
490,16.3333,4.8500,0.4500
491,16.3667,4.8650,0.4500
492,16.4000,4.8800,0.4500
493,16.4333,4.8950,0.4500
494,16.4667,4.9100,0.4500
495,16.5000,4.9250,0.4500
496,16.5333,4.9400,0.4500
497,16.5667,4.9550,0.4500
498,16.6000,4.9700,0.4500
499,16.6333,4.9850,0.4500
500,16.6667,5.0000,0.4500
501,16.7000,5.0150,0.4500
502,16.7333,5.0300,0.4500
503,16.7667,5.0450,0.4500
504,16.8000,5.0600,0.4500
505,16.8333,5.0750,0.4500
506,16.8667,5.0900,0.4500
507,16.9000,5.1050,0.4500
508,16.9333,5.1200,0.4500
509,16.9667,5.1350,0.4500
510,17.0000,5.1500,0.4500
511,17.0333,5.1650,0.4500
512,17.0667,5.1800,0.4500
513,17.1000,5.1950,0.4500
514,17.1333,5.2099,0.4470
515,17.1667,5.2249,0.4500
516,17.2000,5.2399,0.4500
517,17.2333,5.2549,0.4500
518,17.2667,5.2699,0.4500
519,17.3000,5.2849,0.4500
520,17.3333,5.2998,0.4470
521,17.3667,5.3148,0.4500
522,17.4000,5.3298,0.4500
523,17.4333,5.3448,0.4500
524,17.4667,5.3597,0.4470
525,17.5000,5.3747,0.4500
526,17.5333,5.3896,0.4470
527,17.5667,5.4046,0.4500
528,17.6000,5.4196,0.4500
529,17.6333,5.4345,0.4470
530,17.6667,5.4495,0.4500
531,17.7000,5.4644,0.4470
532,17.7333,5.4793,0.4470
533,17.7667,5.4943,0.4500
534,17.8000,5.5092,0.4470
535,17.8333,5.5241,0.4470
536,17.8667,5.5391,0.4500
537,17.9000,5.5540,0.4470
538,17.9333,5.5689,0.4470
539,17.9667,5.5838,0.4470
540,18.0000,5.5987,0.4470
541,18.0333,5.6136,0.4470
542,18.0667,5.6285,0.4470
543,18.1000,5.6434,0.4470
544,18.1333,5.6583,0.4470
545,18.1667,5.6732,0.4470
546,18.2000,5.6881,0.4470
547,18.2333,5.7029,0.4440
548,18.2667,5.7178,0.4470
549,18.3000,5.7326,0.4440
550,18.3333,5.7475,0.4470
551,18.3667,5.7623,0.4440
552,18.4000,5.7772,0.4470
553,18.4333,5.7920,0.4440
554,18.4667,5.8069,0.4470
555,18.5000,5.8217,0.4440
556,18.5333,5.8365,0.4440
557,18.5667,5.8513,0.4440
558,18.6000,5.8661,0.4440
559,18.6333,5.8809,0.4440
560,18.6667,5.8957,0.4440
561,18.7000,5.9105,0.4440
562,18.7333,5.9252,0.4410
563,18.7667,5.9400,0.4440
564,18.8000,5.9548,0.4440
565,18.8333,5.9695,0.4410
566,18.8667,5.9843,0.4440
567,18.9000,5.9990,0.4410
568,18.9333,6.0137,0.4410
569,18.9667,6.0284,0.4410
570,19.0000,6.0431,0.4410
571,19.0333,6.0578,0.4410
572,19.0667,6.0725,0.4410
573,19.1000,6.0872,0.4410
574,19.1333,6.1019,0.4410
575,19.1667,6.1166,0.4410
576,19.2000,6.1312,0.4380
577,19.2333,6.1459,0.4410
578,19.2667,6.1605,0.4380
579,19.3000,6.1751,0.4380
580,19.3333,6.1898,0.4410
581,19.3667,6.2044,0.4380
582,19.4000,6.2190,0.4380
583,19.4333,6.2336,0.4380
584,19.4667,6.2481,0.4350
585,19.5000,6.2627,0.4380
586,19.5333,6.2773,0.4380
587,19.5667,6.2918,0.4350
588,19.6000,6.3064,0.4380
589,19.6333,6.3209,0.4350
590,19.6667,6.3354,0.4350
591,19.7000,6.3499,0.4350
592,19.7333,6.3644,0.4350
593,19.7667,6.3789,0.4350
594,19.8000,6.3934,0.4350
595,19.8333,6.4079,0.4350
596,19.8667,6.4223,0.4320
597,19.9000,6.4367,0.4320
598,19.9333,6.4512,0.4350
599,19.9667,6.4656,0.4320
600,20.0000,6.4800,0.4320
601,20.0333,6.4944,0.4320
602,20.0667,6.5088,0.4320
603,20.1000,6.5231,0.4290
604,20.1333,6.5375,0.4320
605,20.1667,6.5518,0.4290
606,20.2000,6.5662,0.4320
607,20.2333,6.5805,0.4290
608,20.2667,6.5948,0.4290
609,20.3000,6.6091,0.4290
610,20.3333,6.6234,0.4290
611,20.3667,6.6376,0.4260
612,20.4000,6.6519,0.4290
613,20.4333,6.6661,0.4260
614,20.4667,6.6804,0.4290
615,20.5000,6.6946,0.4260
616,20.5333,6.7088,0.4260
617,20.5667,6.7230,0.4260
618,20.6000,6.7371,0.4230
619,20.6333,6.7513,0.4260
620,20.6667,6.7654,0.4230
621,20.7000,6.7796,0.4260
622,20.7333,6.7937,0.4230
623,20.7667,6.8078,0.4230
624,20.8000,6.8219,0.4230
625,20.8333,6.8359,0.4200
626,20.8667,6.8500,0.4230
627,20.9000,6.8640,0.4200
628,20.9333,6.8781,0.4230
629,20.9667,6.8921,0.4200
630,21.0000,6.9061,0.4200
631,21.0333,6.9200,0.4170
632,21.0667,6.9340,0.4200
633,21.1000,6.9479,0.4170
634,21.1333,6.9619,0.4200
635,21.1667,6.9758,0.4170
636,21.2000,6.9897,0.4170
637,21.2333,7.0036,0.4170
638,21.2667,7.0174,0.4140
639,21.3000,7.0313,0.4170
640,21.3333,7.0451,0.4140
641,21.3667,7.0589,0.4140
642,21.4000,7.0727,0.4140
643,21.4333,7.0865,0.4140
644,21.4667,7.1003,0.4140
645,21.5000,7.1140,0.4110
646,21.5333,7.1278,0.4140
647,21.5667,7.1415,0.4110
648,21.6000,7.1552,0.4110
649,21.6333,7.1688,0.4080
650,21.6667,7.1825,0.4110
651,21.7000,7.1961,0.4080
652,21.7333,7.2098,0.4110
653,21.7667,7.2234,0.4080
654,21.8000,7.2370,0.4080
655,21.8333,7.2505,0.4050
656,21.8667,7.2641,0.4080
657,21.9000,7.2776,0.4050
658,21.9333,7.2911,0.4050
659,21.9667,7.3046,0.4050
660,22.0000,7.3181,0.4050
661,22.0333,7.3315,0.4020
662,22.0667,7.3450,0.4050
663,22.1000,7.3584,0.4020
664,22.1333,7.3718,0.4020
665,22.1667,7.3852,0.4020
666,22.2000,7.3985,0.3990
667,22.2333,7.4119,0.4020
668,22.2667,7.4252,0.3990
669,22.3000,7.4385,0.3990
670,22.3333,7.4517,0.3960
671,22.3667,7.4650,0.3990
672,22.4000,7.4782,0.3960
673,22.4333,7.4914,0.3960
674,22.4667,7.5046,0.3960
675,22.5000,7.5178,0.3960
676,22.5333,7.5310,0.3960
677,22.5667,7.5441,0.3930
678,22.6000,7.5572,0.3930
679,22.6333,7.5703,0.3930
680,22.6667,7.5834,0.3930
681,22.7000,7.5964,0.3900
682,22.7333,7.6094,0.3900
683,22.7667,7.6224,0.3900
684,22.8000,7.6354,0.3900
685,22.8333,7.6484,0.3900
686,22.8667,7.6613,0.3870
687,22.9000,7.6742,0.3870
688,22.9333,7.6871,0.3870
689,22.9667,7.7000,0.3870
690,23.0000,7.7128,0.3840
691,23.0333,7.7256,0.3840
692,23.0667,7.7384,0.3840
693,23.1000,7.7512,0.3840
694,23.1333,7.7640,0.3840
695,23.1667,7.7767,0.3810
696,23.2000,7.7894,0.3810
697,23.2333,7.8021,0.3810
698,23.2667,7.8148,0.3810
699,23.3000,7.8274,0.3780
700,23.3333,7.8400,0.3780
701,23.3667,7.8526,0.3780
702,23.4000,7.8652,0.3780
703,23.4333,7.8777,0.3750
704,23.4667,7.8902,0.3750
705,23.5000,7.9027,0.3750
706,23.5333,7.9152,0.3750
707,23.5667,7.9276,0.3720
708,23.6000,7.9400,0.3720
709,23.6333,7.9524,0.3720
710,23.6667,7.9648,0.3720
711,23.7000,7.9771,0.3690
712,23.7333,7.9894,0.3690
713,23.7667,8.0017,0.3690
714,23.8000,8.0140,0.3690
715,23.8333,8.0262,0.3660
716,23.8667,8.0384,0.3660
717,23.9000,8.0506,0.3660
718,23.9333,8.0628,0.3660
719,23.9667,8.0749,0.3630
720,24.0000,8.0870,0.3630
721,24.0333,8.0991,0.3630
722,24.0667,8.1112,0.3630
723,24.1000,8.1232,0.3600
724,24.1333,8.1352,0.3600
725,24.1667,8.1472,0.3600
726,24.2000,8.1591,0.3570
727,24.2333,8.1711,0.3600
728,24.2667,8.1830,0.3570
729,24.3000,8.1948,0.3540
730,24.3333,8.2067,0.3570
731,24.3667,8.2185,0.3540
732,24.4000,8.2303,0.3540
733,24.4333,8.2420,0.3510
734,24.4667,8.2537,0.3510
735,24.5000,8.2654,0.3510
736,24.5333,8.2771,0.3510
737,24.5667,8.2888,0.3510
738,24.6000,8.3004,0.3480
739,24.6333,8.3120,0.3480
740,24.6667,8.3235,0.3450
741,24.7000,8.3351,0.3480
742,24.7333,8.3466,0.3420
743,24.7667,8.3580,0.3420
744,24.8000,8.3695,0.3450
745,24.8333,8.3809,0.3420
746,24.8667,8.3923,0.3420
747,24.9000,8.4036,0.3390
748,24.9333,8.4149,0.3390
749,24.9667,8.4262,0.3390
750,25.0000,8.4375,0.3390
751,25.0333,8.4487,0.3360
752,25.0667,8.4599,0.3360
753,25.1000,8.4711,0.3360
754,25.1333,8.4823,0.3360
755,25.1667,8.4934,0.3330
756,25.2000,8.5045,0.3330
757,25.2333,8.5155,0.3300
758,25.2667,8.5265,0.3300
759,25.3000,8.5375,0.3300
760,25.3333,8.5485,0.3300
761,25.3667,8.5594,0.3270
762,25.4000,8.5703,0.3270
763,25.4333,8.5812,0.3270
764,25.4667,8.5920,0.3240
765,25.5000,8.6028,0.3240
766,25.5333,8.6136,0.3240
767,25.5667,8.6243,0.3210
768,25.6000,8.6350,0.3210
769,25.6333,8.6457,0.3210
770,25.6667,8.6563,0.3180
771,25.7000,8.6670,0.3180
772,25.7333,8.6775,0.3150
773,25.7667,8.6881,0.3180
774,25.8000,8.6986,0.3150
775,25.8333,8.7091,0.3150
776,25.8667,8.7195,0.3120
777,25.9000,8.7299,0.3120
778,25.9333,8.7403,0.3120
779,25.9667,8.7506,0.3090
780,26.0000,8.7610,0.3120
781,26.0333,8.7712,0.3060
782,26.0667,8.7815,0.3090
783,26.1000,8.7917,0.3060
784,26.1333,8.8019,0.3060
785,26.1667,8.8120,0.3030
786,26.2000,8.8221,0.3030
787,26.2333,8.8322,0.3030
788,26.2667,8.8422,0.3000
789,26.3000,8.8522,0.3000
790,26.3333,8.8622,0.3000
791,26.3667,8.8722,0.3000
792,26.4000,8.8821,0.2970
793,26.4333,8.8919,0.2940
794,26.4667,8.9018,0.2970
795,26.5000,8.9116,0.2940
796,26.5333,8.9213,0.2910
797,26.5667,8.9310,0.2910
798,26.6000,8.9407,0.2910
799,26.6333,8.9504,0.2910
800,26.6667,8.9600,0.2880
801,26.7000,8.9696,0.2880
802,26.7333,8.9791,0.2850
803,26.7667,8.9886,0.2850
804,26.8000,8.9981,0.2850
805,26.8333,9.0075,0.2820
806,26.8667,9.0169,0.2820
807,26.9000,9.0263,0.2820
808,26.9333,9.0356,0.2790
809,26.9667,9.0449,0.2790
810,27.0000,9.0542,0.2790
811,27.0333,9.0634,0.2760
812,27.0667,9.0726,0.2760
813,27.1000,9.0817,0.2730
814,27.1333,9.0908,0.2730
815,27.1667,9.0999,0.2730
816,27.2000,9.1089,0.2700
817,27.2333,9.1179,0.2700
818,27.2667,9.1269,0.2700
819,27.3000,9.1358,0.2670
820,27.3333,9.1446,0.2640
821,27.3667,9.1535,0.2670
822,27.4000,9.1623,0.2640
823,27.4333,9.1710,0.2610
824,27.4667,9.1798,0.2640
825,27.5000,9.1884,0.2580
826,27.5333,9.1971,0.2610
827,27.5667,9.2057,0.2580
828,27.6000,9.2142,0.2550
829,27.6333,9.2228,0.2580
830,27.6667,9.2313,0.2550
831,27.7000,9.2397,0.2520
832,27.7333,9.2481,0.2520
833,27.7667,9.2565,0.2520
834,27.8000,9.2648,0.2490
835,27.8333,9.2731,0.2490
836,27.8667,9.2813,0.2460
837,27.9000,9.2895,0.2460
838,27.9333,9.2977,0.2460
839,27.9667,9.3058,0.2430
840,28.0000,9.3139,0.2430
841,28.0333,9.3220,0.2430
842,28.0667,9.3300,0.2400
843,28.1000,9.3379,0.2370
844,28.1333,9.3458,0.2400
845,28.1667,9.3537,0.2370
846,28.2000,9.3616,0.2370
847,28.2333,9.3694,0.2340
848,28.2667,9.3771,0.2310
849,28.3000,9.3848,0.2310
850,28.3333,9.3925,0.2310
851,28.3667,9.4001,0.2280
852,28.4000,9.4077,0.2280
853,28.4333,9.4153,0.2280
854,28.4667,9.4228,0.2250
855,28.5000,9.4302,0.2220
856,28.5333,9.4376,0.2220
857,28.5667,9.4450,0.2220
858,28.6000,9.4523,0.2190
859,28.6333,9.4596,0.2190
860,28.6667,9.4669,0.2190
861,28.7000,9.4741,0.2160
862,28.7333,9.4812,0.2130
863,28.7667,9.4884,0.2160
864,28.8000,9.4954,0.2100
865,28.8333,9.5025,0.2130
866,28.8667,9.5094,0.2070
867,28.9000,9.5164,0.2100
868,28.9333,9.5233,0.2070
869,28.9667,9.5301,0.2040
870,29.0000,9.5369,0.2040
871,29.0333,9.5437,0.2040
872,29.0667,9.5504,0.2010
873,29.1000,9.5571,0.2010
874,29.1333,9.5637,0.1980
875,29.1667,9.5703,0.1980
876,29.2000,9.5769,0.1980
877,29.2333,9.5833,0.1920
878,29.2667,9.5898,0.1950
879,29.3000,9.5962,0.1920
880,29.3333,9.6026,0.1920
881,29.3667,9.6089,0.1890
882,29.4000,9.6151,0.1860
883,29.4333,9.6214,0.1890
884,29.4667,9.6275,0.1830
885,29.5000,9.6337,0.1860
886,29.5333,9.6398,0.1830
887,29.5667,9.6458,0.1800
888,29.6000,9.6518,0.1800
889,29.6333,9.6577,0.1770
890,29.6667,9.6636,0.1770
891,29.7000,9.6695,0.1770
892,29.7333,9.6753,0.1740
893,29.7667,9.6810,0.1710
894,29.8000,9.6867,0.1710
895,29.8333,9.6924,0.1710
896,29.8667,9.6980,0.1680
897,29.9000,9.7036,0.1680
898,29.9333,9.7091,0.1650
899,29.9667,9.7146,0.1650
900,30.0000,9.7200,0.1620
901,30.0333,9.7254,0.1620
902,30.0667,9.7307,0.1590
903,30.1000,9.7360,0.1590
904,30.1333,9.7412,0.1560
905,30.1667,9.7464,0.1560
906,30.2000,9.7515,0.1530
907,30.2333,9.7566,0.1530
908,30.2667,9.7617,0.1530
909,30.3000,9.7666,0.1470
910,30.3333,9.7716,0.1500
911,30.3667,9.7765,0.1470
912,30.4000,9.7813,0.1440
913,30.4333,9.7861,0.1440
914,30.4667,9.7908,0.1410
915,30.5000,9.7955,0.1410
916,30.5333,9.8002,0.1410
917,30.5667,9.8048,0.1380
918,30.6000,9.8093,0.1350
919,30.6333,9.8138,0.1350
920,30.6667,9.8182,0.1320
921,30.7000,9.8226,0.1320
922,30.7333,9.8270,0.1320
923,30.7667,9.8313,0.1290
924,30.8000,9.8355,0.1260
925,30.8333,9.8397,0.1260
926,30.8667,9.8438,0.1230
927,30.9000,9.8479,0.1230
928,30.9333,9.8519,0.1200
929,30.9667,9.8559,0.1200
930,31.0000,9.8599,0.1200
931,31.0333,9.8637,0.1140
932,31.0667,9.8676,0.1170
933,31.1000,9.8713,0.1110
934,31.1333,9.8751,0.1140
935,31.1667,9.8787,0.1080
936,31.2000,9.8824,0.1110
937,31.2333,9.8859,0.1050
938,31.2667,9.8894,0.1050
939,31.3000,9.8929,0.1050
940,31.3333,9.8963,0.1020
941,31.3667,9.8997,0.1020
942,31.4000,9.9030,0.0990
943,31.4333,9.9062,0.0960
944,31.4667,9.9094,0.0960
945,31.5000,9.9126,0.0960
946,31.5333,9.9157,0.0930
947,31.5667,9.9187,0.0900
948,31.6000,9.9217,0.0900
949,31.6333,9.9246,0.0870
950,31.6667,9.9275,0.0870
951,31.7000,9.9303,0.0840
952,31.7333,9.9331,0.0840
953,31.7667,9.9358,0.0810
954,31.8000,9.9385,0.0810
955,31.8333,9.9411,0.0780
956,31.8667,9.9436,0.0750
957,31.9000,9.9461,0.0750
958,31.9333,9.9486,0.0750
959,31.9667,9.9509,0.0690
960,32.0000,9.9533,0.0720
961,32.0333,9.9556,0.0690
962,32.0667,9.9578,0.0660
963,32.1000,9.9599,0.0630
964,32.1333,9.9621,0.0660
965,32.1667,9.9641,0.0600
966,32.2000,9.9661,0.0600
967,32.2333,9.9680,0.0570
968,32.2667,9.9699,0.0570
969,32.3000,9.9718,0.0570
970,32.3333,9.9735,0.0510
971,32.3667,9.9753,0.0540
972,32.4000,9.9769,0.0480
973,32.4333,9.9785,0.0480
974,32.4667,9.9801,0.0480
975,32.5000,9.9816,0.0450
976,32.5333,9.9830,0.0420
977,32.5667,9.9844,0.0420
978,32.6000,9.9857,0.0390
979,32.6333,9.9870,0.0390
980,32.6667,9.9882,0.0360
981,32.7000,9.9893,0.0330
982,32.7333,9.9904,0.0330
983,32.7667,9.9914,0.0300
984,32.8000,9.9924,0.0300
985,32.8333,9.9933,0.0270
986,32.8667,9.9942,0.0270
987,32.9000,9.9950,0.0240
988,32.9333,9.9957,0.0210
989,32.9667,9.9964,0.0210
990,33.0000,9.9970,0.0180
991,33.0333,9.9976,0.0180
992,33.0667,9.9981,0.0150
993,33.1000,9.9985,0.0120
994,33.1333,9.9989,0.0120
995,33.1667,9.9993,0.0090
996,33.2000,9.9995,0.0060
997,33.2333,9.9997,0.0060
998,33.2667,9.9999,0.0060
999,33.3000,10.0000,0.0030
1000,33.3333,10.0000,0.0000
